{
	"Issue": 1767929,
	"Latest": {
		"0": 360,
		"13": 27000,
		"14": 27000,
		"15": 9276,
		"2": 2160,
		"21": 3749,
		"22": 7560,
		"23": 5400,
		"24": 3600,
		"26": 1080,
		"27": 360,
		"3": 179,
		"5": 7560,
		"6": 10080,
		"8": 8019,
		"9": 13067
	},
	"Rts": {
		"0": 1065.81,
		"1": 199.73,
		"10": 15.48,
		"11": 13.77,
		"12": 13.56,
		"13": 14.97,
		"14": 13.42,
		"15": 13.61,
		"16": 14.24,
		"17": 15.64,
		"18": 17.98,
		"19": 21.44,
		"2": 193.44,
		"20": 26.85,
		"21": 35.49,
		"22": 47.81,
		"23": 67.53,
		"24": 109.68,
		"25": 145.77,
		"26": 377.29,
		"27": 1115.45,
		"3": 99.05,
		"4": 61.98,
		"5": 49.09,
		"6": 36.21,
		"7": 27.5,
		"8": 22.11,
		"9": 18.12
	},
	"Surplus": 6553928,
	"BetGold": 126450,
	"Exp": 0.9977268699999999,
	"Dev": 0.942707317578364,
	"UserGold": 360000
}